GEOID,RS
01001,0.444
01003,0.336
01005,0.398
01007,0.434
01009,0.317
01011,0.365
01013,0.494
01015,0.399
01017,0.386
01019,0.404
01021,0.363
01023,0.337
01025,0.387
01027,0.356
01029,0.404
01031,0.394
01033,0.419
01035,0.359
01037,0.291
01039,0.417
01041,0.373
01043,0.335
01045,0.402
01047,0.413
01049,0.352
01051,0.376
01053,0.407
01055,0.395
01057,0.53
01059,0.371
01061,0.486
01063,0.33
01065,0.413
01067,0.37
01069,0.406
01071,0.385
01073,0.407
01075,0.443
01077,0.34
01079,0.349
01081,0.384
01083,0.377
01085,0.349
01087,0.334
01089,0.373
01091,0.432
01093,0.392
01095,0.339
01097,0.399
01099,0.389
01101,0.439
01103,0.357
01105,0.42
01107,0.469
01109,0.427
01111,0.371
01113,0.354
01115,0.323
01117,0.363
01119,0.349
01121,0.417
01123,0.481
01125,0.41
01127,0.33
01129,0.393
01131,0.445
01133,0.42
02013,
02016,
02020,0.285
02050,0.294
02060,
02068,
02070,
02090,0.263
02100,
02110,0.298
02122,0.259
02130,0.214
02150,0.231
02164,
02170,0.234
02180,0.429
02185,0.355
02188,0.35
02201,0.302
02220,0.283
02232,
02240,0.179
02261,0.281
02270,
02280,0.244
02282,
02290,0.384
04001,0.287
04003,0.265
04005,0.278
04007,0.346
04009,0.301
04011,0.333
04012,0.38
04013,0.287
04015,0.292
04017,0.313
04019,0.305
04021,0.33
04023,0.181
04025,0.235
04027,0.241
05001,0.413
05003,0.387
05005,0.294
05007,0.298
05009,0.308
05011,0.46
05013,
05015,0.285
05017,0.456
05019,0.366
05021,0.346
05023,0.256
05025,0.377
05027,0.394
05029,0.429
05031,0.343
05033,0.336
05035,0.46
05037,0.381
05039,0.428
05041,0.411
05043,0.459
05045,0.341
05047,0.264
05049,0.324
05051,0.366
05053,0.403
05055,0.344
05057,0.33
05059,0.375
05061,0.368
05063,0.32
05065,0.312
05067,0.379
05069,0.424
05071,0.342
05073,0.485
05075,0.357
05077,0.35
05079,0.335
05081,0.255
05083,0.395
05085,0.354
05087,0.325
05089,0.23
05091,0.401
05093,0.407
05095,0.435
05097,
05099,0.391
05101,0.38
05103,0.416
05105,0.339
05107,0.47
05109,0.323
05111,0.439
05113,0.307
05115,0.335
05117,0.301
05119,0.407
05121,0.358
05123,0.435
05125,0.356
05127,0.415
05129,0.257
05131,0.365
05133,0.363
05135,0.331
05137,0.368
05139,0.455
05141,0.256
05143,0.325
05145,0.344
05147,0.477
05149,0.201
06001,0.271
06003,
06005,0.191
06007,0.283
06009,0.231
06011,0.214
06013,0.27
06015,0.288
06017,0.22
06019,0.308
06021,0.254
06023,0.306
06025,0.22
06027,0.315
06029,0.256
06031,0.269
06033,0.265
06035,0.268
06037,0.225
06039,0.264
06041,0.197
06043,0.254
06045,0.261
06047,0.26
06049,0.283
06051,0.234
06053,0.217
06055,0.191
06057,0.232
06059,0.203
06061,0.221
06063,0.257
06065,0.235
06067,0.268
06069,0.21
06071,0.254
06073,0.237
06075,0.184
06077,0.253
06079,0.203
06081,0.236
06083,0.223
06085,0.233
06087,0.214
06089,0.31
06091,
06093,0.247
06095,0.258
06097,0.229
06099,0.262
06101,0.269
06103,0.322
06105,0.283
06107,0.285
06109,0.241
06111,0.239
06113,0.253
06115,0.258
08001,0.29
08003,0.311
08005,0.28
08007,0.187
08009,
08011,
08013,0.198
08015,0.204
08017,
08019,
08021,0.238
08023,
08025,
08027,
08029,0.209
08031,0.312
08033,
08035,0.221
08037,0.243
08039,0.193
08041,0.288
08043,0.246
08045,0.163
08047,
08049,0.306
08051,0.146
08053,
08055,0.298
08057,
08059,0.252
08061,
08063,0.214
08065,0.285
08067,0.185
08069,0.246
08071,0.285
08073,
08075,0.282
08077,0.261
08079,
08081,0.271
08083,0.199
08085,0.272
08087,0.336
08089,0.308
08091,
08093,0.183
08095,
08097,0.18
08099,0.256
08101,0.368
08103,0.213
08105,0.313
08107,0.11
08109,0.236
08111,
08113,
08115,
08117,0.143
08119,0.204
08121,
08123,0.311
08125,0.292
09001,0.355
09003,0.384
09005,0.322
09007,0.325
09009,0.363
09011,0.324
09013,0.31
09015,0.312
10001,0.37
10003,0.399
10005,0.399
11001,0.32
12001,0.363
12003,0.371
12005,0.325
12007,0.386
12009,0.307
12011,0.293
12013,0.408
12015,0.236
12017,0.287
12019,0.29
12021,0.283
12023,0.344
12027,0.312
12029,0.368
12031,0.373
12033,0.353
12035,0.287
12037,0.34
12039,0.424
12041,0.366
12043,
12045,0.403
12047,0.437
12049,0.388
12051,0.25
12053,0.287
12055,0.322
12057,0.347
12059,0.423
12061,0.308
12063,0.369
12065,0.333
12067,
12069,0.31
12071,0.309
12073,0.362
12075,0.419
12077,
12079,0.466
12081,0.325
12083,0.344
12085,0.301
12086,0.252
12087,0.221
12089,0.378
12091,0.316
12093,0.298
12095,0.326
12097,0.272
12099,0.302
12101,0.336
12103,0.322
12105,0.341
12107,0.365
12109,0.338
12111,0.307
12113,0.292
12115,0.3
12117,0.321
12119,0.372
12121,0.355
12123,0.354
12125,0.424
12127,0.297
12129,0.274
12131,0.32
12133,0.335
13001,0.369
13003,0.245
13005,0.32
13007,
13009,0.417
13011,0.299
13013,0.314
13015,0.335
13017,0.418
13019,0.284
13021,0.399
13023,0.503
13025,0.32
13027,0.436
13029,0.348
13031,0.429
13033,0.412
13035,0.365
13037,0.5
13039,0.334
13043,0.389
13045,0.36
13047,0.33
13049,0.419
13051,0.346
13053,
13055,0.344
13057,0.284
13059,0.399
13061,
13063,0.277
13065,0.418
13067,0.343
13069,0.382
13071,0.444
13073,0.347
13075,0.447
13077,0.351
13079,
13081,0.448
13083,0.329
13085,0.306
13087,0.384
13089,0.322
13091,0.423
13093,0.405
13095,0.37
13097,0.298
13099,0.471
13101,
13103,0.352
13105,0.409
13107,0.38
13109,0.497
13111,0.267
13113,0.294
13115,0.376
13117,0.167
13119,0.354
13121,0.402
13123,0.284
13125,
13127,0.329
13129,0.351
13131,0.423
13133,0.407
13135,0.29
13137,0.432
13139,0.334
13141,0.308
13143,0.361
13145,0.305
13147,0.336
13149,0.334
13151,0.319
13153,0.347
13155,0.426
13157,0.35
13159,0.451
13161,0.447
13163,0.546
13165,0.332
13167,0.503
13169,0.372
13171,0.323
13173,
13175,0.423
13177,0.302
13179,0.264
13181,0.371
13183,
13185,0.405
13187,0.289
13189,0.409
13191,0.317
13193,0.24
13195,0.371
13197,
13199,0.39
13201,0.343
13205,0.418
13207,0.375
13209,0.376
13211,0.436
13213,0.401
13215,0.375
13217,0.246
13219,0.327
13221,0.405
13223,0.303
13225,0.336
13227,0.318
13229,0.374
13231,0.261
13233,0.331
13235,0.356
13237,0.336
13239,
13241,0.306
13243,0.532
13245,0.353
13247,0.217
13249,
13251,0.423
13253,0.473
13255,0.42
13257,0.395
13259,
13261,0.407
13263,0.524
13265,
13267,0.349
13269,0.399
13271,0.432
13273,0.529
13275,0.394
13277,0.41
13279,0.435
13281,
13283,0.417
13285,0.401
13287,0.483
13289,0.253
13291,0.315
13293,0.425
13295,0.332
13297,0.354
13299,0.434
13301,0.457
13303,0.459
13305,0.403
13307,
13309,
13311,0.227
13313,0.353
13315,0.446
13317,0.432
13319,0.386
13321,0.349
15001,0.254
15003,0.232
15005,
15007,0.259
15009,0.233
16001,0.257
16003,
16005,0.26
16007,0.129
16009,0.202
16011,0.25
16013,0.216
16015,
16017,0.202
16019,0.246
16021,0.209
16023,
16025,
16027,0.275
16029,0.162
16031,0.27
16033,
16035,0.276
16037,
16039,0.293
16041,0.104
16043,0.218
16045,0.235
16047,0.228
16049,0.222
16051,0.207
16053,0.276
16055,0.226
16057,0.237
16059,0.195
16061,0.34
16063,
16065,0.198
16067,0.273
16069,0.273
16071,
16073,0.225
16075,0.248
16077,0.227
16079,0.353
16081,0.176
16083,0.241
16085,0.257
16087,0.323
17001,0.367
17003,0.519
17005,0.378
17007,0.274
17009,
17011,0.318
17013,
17015,0.331
17017,0.417
17019,0.387
17021,0.356
17023,0.321
17025,0.365
17027,0.316
17029,0.365
17031,0.398
17033,0.362
17035,0.424
17037,0.3
17039,0.27
17041,0.276
17043,0.266
17045,0.39
17047,0.363
17049,0.309
17051,0.358
17053,0.331
17055,0.358
17057,0.323
17059,0.218
17061,0.34
17063,0.312
17065,0.388
17067,0.273
17069,
17071,0.293
17073,0.338
17075,0.33
17077,0.355
17079,0.277
17081,0.357
17083,0.292
17085,0.245
17087,0.334
17089,0.355
17091,0.398
17093,0.226
17095,0.378
17097,0.344
17099,0.344
17101,0.421
17103,0.345
17105,0.351
17107,0.328
17109,0.277
17111,0.271
17113,0.362
17115,0.431
17117,0.377
17119,0.37
17121,0.386
17123,0.323
17125,0.388
17127,0.354
17129,0.257
17131,0.254
17133,0.265
17135,0.414
17137,0.41
17139,0.347
17141,0.28
17143,0.432
17145,0.382
17147,0.337
17149,0.372
17151,
17153,0.34
17155,0.363
17157,0.37
17159,0.346
17161,0.381
17163,0.445
17165,0.435
17167,0.409
17169,0.287
17171,
17173,0.423
17175,0.279
17177,0.352
17179,0.345
17181,0.392
17183,0.399
17185,0.356
17187,0.368
17189,0.316
17191,0.289
17193,0.358
17195,0.355
17197,0.353
17199,0.372
17201,0.38
17203,0.342
18001,0.383
18003,0.404
18005,0.398
18007,0.269
18009,0.363
18011,0.351
18013,0.174
18015,0.232
18017,0.373
18019,0.358
18021,0.353
18023,0.351
18025,0.334
18027,0.354
18029,0.336
18031,0.4
18033,0.354
18035,0.409
18037,0.335
18039,0.341
18041,0.401
18043,0.39
18045,0.365
18047,0.434
18049,0.413
18051,0.332
18053,0.389
18055,0.357
18057,0.332
18059,0.342
18061,0.286
18063,0.305
18065,0.335
18067,0.328
18069,0.374
18071,0.367
18073,0.251
18075,0.314
18077,0.387
18079,0.389
18081,0.357
18083,0.377
18085,0.305
18087,0.208
18089,0.375
18091,0.349
18093,0.379
18095,0.381
18097,0.396
18099,0.355
18101,0.361
18103,0.307
18105,0.362
18107,0.324
18109,0.292
18111,0.282
18113,0.343
18115,
18117,0.406
18119,0.31
18121,0.333
18123,0.425
18125,0.349
18127,0.287
18129,0.402
18131,0.328
18133,0.31
18135,0.374
18137,0.288
18139,0.386
18141,0.4
18143,0.378
18145,0.324
18147,0.311
18149,0.378
18151,0.349
18153,0.401
18155,0.267
18157,0.338
18159,0.342
18161,0.264
18163,0.435
18165,0.34
18167,0.383
18169,0.371
18171,
18173,0.345
18175,0.395
18177,0.379
18179,0.324
18181,0.268
18183,0.311
19001,0.148
19003,
19005,0.186
19007,0.28
19009,0.355
19011,0.271
19013,0.382
19015,0.37
19017,0.246
19019,0.324
19021,0.357
19023,0.261
19025,0.273
19027,0.209
19029,0.262
19031,0.288
19033,0.295
19035,0.333
19037,0.3
19039,0.326
19041,0.367
19043,0.255
19045,0.325
19047,0.283
19049,0.296
19051,0.229
19053,0.308
19055,0.246
19057,0.387
19059,0.231
19061,0.276
19063,0.268
19065,0.287
19067,0.294
19069,0.325
19071,0.352
19073,0.39
19075,0.315
19077,0.354
19079,0.293
19081,0.235
19083,0.308
19085,0.261
19087,0.233
19089,0.164
19091,0.249
19093,0.209
19095,0.206
19097,0.319
19099,0.232
19101,0.158
19103,0.296
19105,0.311
19107,0.239
19109,0.209
19111,0.349
19113,0.318
19115,0.311
19117,0.231
19119,0.189
19121,0.285
19123,0.248
19125,0.3
19127,0.368
19129,0.216
19131,0.23
19133,0.316
19135,0.174
19137,0.336
19139,0.299
19141,0.338
19143,0.24
19145,0.288
19147,0.306
19149,0.226
19151,0.24
19153,0.381
19155,0.341
19157,0.316
19159,
19161,0.261
19163,0.367
19165,0.347
19167,0.213
19169,0.263
19171,0.231
19173,0.336
19175,0.318
19177,0.309
19179,0.35
19181,0.282
19183,0.355
19185,0.237
19187,0.38
19189,0.356
19191,0.185
19193,0.36
19195,0.483
19197,0.315
20001,0.301
20003,0.294
20005,0.341
20007,0.226
20009,0.274
20011,0.33
20013,0.36
20015,0.275
20017,
20019,
20021,0.387
20023,
20025,
20027,0.308
20029,0.316
20031,0.323
20033,
20035,0.33
20037,0.305
20039,
20041,0.331
20043,0.351
20045,0.324
20047,
20049,
20051,0.246
20053,0.186
20055,0.334
20057,0.336
20059,0.385
20061,0.407
20063,
20065,
20067,0.312
20069,0.175
20071,
20073,0.247
20075,
20077,0.323
20079,0.279
20081,
20083,
20085,0.367
20087,0.214
20089,
20091,0.278
20093,
20095,0.198
20097,
20099,0.34
20101,
20103,0.339
20105,
20107,0.304
20109,
20111,0.342
20113,0.304
20115,0.295
20117,0.184
20119,
20121,0.271
20123,0.206
20125,0.376
20127,0.283
20129,
20131,0.161
20133,0.359
20135,
20137,0.237
20139,0.339
20141,
20143,0.319
20145,0.335
20147,0.356
20149,0.252
20151,0.289
20153,
20155,0.325
20157,0.354
20159,0.304
20161,0.343
20163,0.335
20165,
20167,0.373
20169,0.355
20171,0.229
20173,0.347
20175,0.303
20177,0.372
20179,
20181,0.264
20183,
20185,
20187,
20189,0.279
20191,0.278
20193,0.135
20195,
20197,0.409
20199,
20201,0.248
20203,
20205,0.297
20207,
20209,0.378
21001,0.176
21003,0.397
21005,0.283
21007,
21009,0.381
21011,0.372
21013,0.388
21015,0.353
21017,0.369
21019,0.322
21021,0.358
21023,0.385
21025,0.26
21027,0.322
21029,0.29
21031,0.334
21033,0.403
21035,0.29
21037,0.46
21039,
21041,0.481
21043,0.369
21045,0.302
21047,0.39
21049,0.396
21051,0.358
21053,0.438
21055,0.321
21057,
21059,0.376
21061,0.393
21063,
21065,0.339
21067,0.398
21069,0.35
21071,0.304
21073,0.376
21075,0.452
21077,
21079,0.354
21081,0.24
21083,0.371
21085,0.339
21087,0.285
21089,0.346
21091,0.304
21093,0.324
21095,0.228
21097,0.358
21099,0.388
21101,0.374
21103,0.294
21105,
21107,0.337
21109,0.27
21111,0.411
21113,0.387
21115,0.283
21117,0.446
21119,0.247
21121,0.38
21123,0.367
21125,0.351
21127,0.362
21129,
21131,0.261
21133,0.338
21135,0.387
21137,0.3
21139,0.251
21141,0.33
21143,
21145,0.425
21147,0.31
21149,0.345
21151,0.374
21153,0.37
21155,0.337
21157,0.31
21159,0.298
21161,0.337
21163,0.375
21165,
21167,0.401
21169,0.333
21171,0.302
21173,0.396
21175,0.343
21177,0.365
21179,0.388
21181,0.406
21183,0.325
21185,0.301
21187,0.341
21189,
21191,0.442
21193,0.284
21195,0.289
21197,0.458
21199,0.417
21201,
21203,0.312
21205,0.323
21207,0.322
21209,0.351
21211,0.301
21213,0.309
21215,0.287
21217,0.412
21219,0.224
21221,0.449
21223,0.366
21225,0.297
21227,0.366
21229,0.355
21231,0.442
21233,0.424
21235,0.336
21237,0.261
21239,0.365
22001,0.432
22003,0.373
22005,0.406
22007,0.472
22009,0.451
22011,0.288
22013,0.48
22015,0.394
22017,0.443
22019,0.361
22021,0.369
22023,0.373
22025,0.543
22027,0.524
22029,0.462
22031,0.407
22033,0.406
22035,0.518
22037,0.447
22039,0.39
22041,0.486
22043,0.457
22045,0.391
22047,0.478
22049,0.396
22051,0.377
22053,0.337
22055,0.375
22057,0.431
22059,0.348
22061,0.457
22063,0.348
22065,0.424
22067,0.385
22069,0.413
22071,0.384
22073,0.416
22075,0.313
22077,0.446
22079,0.391
22081,0.527
22083,0.502
22085,0.413
22087,0.364
22089,0.373
22091,0.408
22093,0.532
22095,0.467
22097,0.402
22099,0.405
22101,0.386
22103,0.325
22105,0.406
22107,0.508
22109,0.366
22111,0.409
22113,0.334
22115,0.269
22117,0.385
22119,0.461
22121,0.426
22123,0.451
22125,0.343
22127,0.408
23001,0.309
23003,0.348
23005,0.285
23007,0.264
23009,0.238
23011,0.3
23013,0.342
23015,0.338
23017,0.332
23019,0.318
23021,0.24
23023,0.242
23025,0.306
23027,0.311
23029,0.31
23031,0.258
24001,0.368
24003,0.382
24005,0.352
24009,0.329
24011,0.386
24013,0.311
24015,0.348
24017,0.359
24019,0.446
24021,0.33
24023,0.26
24025,0.348
24027,0.302
24029,0.415
24031,0.271
24033,0.285
24035,0.338
24037,0.383
24039,0.315
24041,0.393
24043,0.376
24045,0.384
24047,0.447
24510,0.38
25001,0.274
25003,0.309
25005,0.324
25007,0.203
25009,0.329
25011,0.281
25013,0.395
25015,0.284
25017,0.283
25019,
25021,0.256
25023,0.331
25025,0.309
25027,0.335
26001,0.358
26003,0.24
26005,0.304
26007,0.374
26009,0.341
26011,0.282
26013,0.205
26015,0.331
26017,0.358
26019,0.315
26021,0.406
26023,0.33
26025,0.393
26027,0.365
26029,0.328
26031,0.318
26033,0.306
26035,0.369
26037,0.289
26039,0.185
26041,0.286
26043,0.347
26045,0.309
26047,0.236
26049,0.345
26051,0.341
26053,0.266
26055,0.289
26057,0.362
26059,0.336
26061,0.31
26063,0.226
26065,0.367
26067,0.371
26069,0.33
26071,0.379
26073,0.362
26075,0.353
26077,0.4
26079,0.32
26081,0.401
26083,
26085,0.414
26087,0.244
26089,0.292
26091,0.295
26093,0.29
26095,
26097,0.259
26099,0.304
26101,0.312
26103,0.296
26105,0.394
26107,0.38
26109,0.293
26111,0.374
26113,0.346
26115,0.298
26117,0.323
26119,0.204
26121,0.393
26123,0.346
26125,0.321
26127,0.329
26129,0.344
26131,0.324
26133,0.275
26135,0.28
26137,0.274
26139,0.313
26141,0.311
26143,0.336
26145,0.372
26147,0.335
26149,0.328
26151,0.288
26153,0.323
26155,0.285
26157,0.294
26159,0.348
26161,0.332
26163,0.361
26165,0.314
27001,0.369
27003,0.289
27005,0.322
27007,0.4
27009,0.229
27011,0.17
27013,0.243
27015,0.172
27017,0.305
27019,0.208
27021,0.411
27023,0.267
27025,0.237
27027,0.331
27029,0.36
27031,
27033,0.256
27035,0.295
27037,0.308
27039,0.292
27041,0.269
27043,0.305
27045,0.227
27047,0.294
27049,0.246
27051,0.249
27053,0.377
27055,0.168
27057,0.328
27059,0.255
27061,0.266
27063,0.303
27065,0.304
27067,0.301
27069,0.219
27071,0.254
27073,0.228
27075,0.273
27077,
27079,0.241
27081,0.325
27083,0.263
27085,0.254
27087,0.396
27089,0.302
27091,0.295
27093,0.268
27095,0.367
27097,0.299
27099,0.304
27101,0.261
27103,0.276
27105,0.29
27107,0.361
27109,0.294
27111,0.31
27113,0.244
27115,0.326
27117,0.201
27119,0.292
27121,0.214
27123,0.364
27125,0.144
27127,0.235
27129,0.308
27131,0.279
27133,0.322
27135,0.182
27137,0.331
27139,0.248
27141,0.27
27143,0.203
27145,0.246
27147,0.326
27149,0.23
27151,0.273
27153,0.243
27155,
27157,0.255
27159,0.206
27161,0.27
27163,0.285
27165,0.315
27167,0.332
27169,0.238
27171,0.302
27173,0.336
28001,0.42
28003,0.356
28005,0.43
28007,0.446
28009,
28011,0.495
28013,0.479
28015,0.487
28017,0.419
28019,0.455
28021,0.361
28023,0.44
28025,0.42
28027,0.514
28029,0.474
28031,0.441
28033,0.339
28035,0.395
28037,0.474
28039,0.295
28041,0.475
28043,0.398
28045,0.325
28047,0.347
28049,0.416
28051,0.485
28053,0.503
28055,
28057,0.441
28059,0.34
28061,0.438
28063,0.301
28065,0.474
28067,0.425
28069,0.447
28071,0.426
28073,0.312
28075,0.454
28077,0.429
28079,0.47
28081,0.429
28083,0.488
28085,0.423
28087,0.437
28089,0.432
28091,0.462
28093,0.399
28095,0.405
28097,0.462
28099,0.424
28101,0.481
28103,0.546
28105,0.441
28107,0.451
28109,0.365
28111,0.394
28113,0.415
28115,0.37
28117,0.44
28119,0.486
28121,0.349
28123,0.506
28125,0.521
28127,0.45
28129,0.433
28131,0.386
28133,0.46
28135,0.441
28137,0.429
28139,0.388
28141,0.383
28143,0.466
28145,0.446
28147,0.519
28149,0.422
28151,0.457
28153,0.474
28155,0.534
28157,0.365
28159,0.48
28161,0.488
28163,0.495
29001,0.28
29003,0.308
29005,0.4
29007,0.325
29009,0.339
29011,0.346
29013,0.326
29015,0.305
29017,0.412
29019,0.358
29021,0.379
29023,0.368
29025,0.361
29027,0.337
29029,0.315
29031,0.377
29033,0.404
29035,0.34
29037,0.273
29039,0.384
29041,0.419
29043,0.261
29045,0.31
29047,0.293
29049,0.298
29051,0.326
29053,0.307
29055,0.304
29057,0.338
29059,0.231
29061,0.301
29063,0.318
29065,0.285
29067,0.232
29069,0.437
29071,0.334
29073,0.383
29075,0.39
29077,0.325
29079,0.395
29081,0.243
29083,0.384
29085,
29087,0.26
29089,0.363
29091,0.315
29093,0.442
29095,0.383
29097,0.35
29099,0.298
29101,0.313
29103,
29105,0.326
29107,0.356
29109,0.329
29111,0.224
29113,0.356
29115,0.336
29117,0.404
29119,0.279
29121,0.361
29123,0.32
29125,0.298
29127,0.353
29129,
29131,0.421
29133,0.397
29135,0.399
29137,0.241
29139,0.31
29141,0.332
29143,0.453
29145,0.259
29147,0.316
29149,0.223
29151,0.233
29153,0.277
29155,0.475
29157,0.352
29159,0.319
29161,0.352
29163,0.436
29165,0.326
29167,0.343
29169,0.3
29171,
29173,0.199
29175,0.392
29177,0.21
29179,0.357
29181,0.391
29183,0.321
29185,0.354
29186,0.411
29187,0.342
29189,0.394
29195,0.406
29197,
29199,
29201,0.419
29203,0.24
29205,0.101
29207,0.337
29209,0.244
29211,0.341
29213,0.31
29215,0.342
29217,0.353
29219,0.372
29221,0.321
29223,0.364
29225,0.34
29227,
29229,0.365
29510,0.427
30001,0.121
30003,0.407
30005,0.4
30007,
30009,0.103
30011,
30013,0.271
30015,0.237
30017,0.235
30019,
30021,0.241
30023,0.359
30025,
30027,0.248
30029,0.223
30031,0.19
30033,
30035,0.405
30037,
30039,
30041,0.399
30043,0.193
30045,
30047,0.296
30049,0.284
30051,
30053,0.187
30055,
30057,
30059,
30061,
30063,0.248
30065,
30067,0.274
30069,
30071,0.237
30073,0.344
30075,
30077,0.229
30079,
30081,0.166
30083,0.202
30085,0.306
30087,0.386
30089,0.262
30091,
30093,0.296
30095,0.267
30097,
30099,0.191
30101,
30103,
30105,0.306
30107,
30109,
30111,0.267
31001,0.283
31003,0.358
31005,
31007,
31009,
31011,0.189
31013,0.253
31015,
31017,
31019,0.257
31021,0.291
31023,0.25
31025,0.226
31027,0.155
31029,
31031,0.208
31033,0.26
31035,0.231
31037,0.247
31039,0.294
31041,0.278
31043,0.247
31045,0.243
31047,0.309
31049,
31051,0.273
31053,0.289
31055,0.405
31057,
31059,0.294
31061,
31063,
31065,0.288
31067,0.379
31069,
31071,
31073,
31075,
31077,
31079,0.295
31081,0.304
31083,
31085,
31087,
31089,0.163
31091,
31093,0.264
31095,0.278
31097,
31099,0.205
31101,0.29
31103,
31105,
31107,0.192
31109,0.359
31111,0.291
31113,
31115,
31117,
31119,0.257
31121,0.344
31123,0.16
31125,
31127,0.249
31129,
31131,0.314
31133,
31135,
31137,0.287
31139,0.225
31141,0.23
31143,
31145,0.217
31147,0.24
31149,
31151,0.235
31153,0.301
31155,0.27
31157,0.322
31159,0.323
31161,0.286
31163,
31165,
31167,
31169,0.203
31171,
31173,0.517
31175,
31177,0.234
31179,0.091
31181,
31183,
31185,0.278
32001,0.251
32003,0.257
32005,0.277
32007,0.271
32009,
32011,
32013,0.306
32015,0.231
32017,
32019,0.273
32021,
32023,0.271
32027,
32029,
32031,0.281
32033,0.23
32510,0.272
33001,0.257
33003,0.215
33005,0.303
33007,0.3
33009,0.265
33011,0.318
33013,0.319
33015,0.279
33017,0.306
33019,0.315
34001,0.407
34003,0.236
34005,0.325
34007,0.405
34009,0.347
34011,0.4
34013,0.394
34015,0.336
34017,0.309
34019,0.239
34021,0.401
34023,0.301
34025,0.34
34027,0.283
34029,0.288
34031,0.371
34033,0.383
34035,0.321
34037,0.285
34039,0.351
34041,0.283
35001,0.313
35003,
35005,0.365
35006,0.332
35007,0.196
35009,0.344
35011,
35013,0.259
35015,0.243
35017,0.32
35019,
35021,
35023,0.205
35025,0.277
35027,0.255
35028,0.194
35029,0.275
35031,0.267
35033,
35035,0.273
35037,0.274
35039,0.292
35041,0.271
35043,0.31
35045,0.319
35047,0.32
35049,0.234
35051,0.261
35053,0.31
35055,0.183
35057,0.284
35059,
35061,0.324
36001,0.371
36003,0.346
36005,0.263
36007,0.344
36009,0.361
36011,0.352
36013,0.364
36015,0.409
36017,0.344
36019,0.308
36021,0.358
36023,0.344
36025,0.326
36027,0.326
36029,0.375
36031,0.284
36033,0.37
36035,0.323
36037,0.321
36039,0.289
36041,
36043,0.33
36045,0.363
36047,0.249
36049,0.23
36051,0.278
36053,0.33
36055,0.406
36057,0.333
36059,0.309
36061,0.265
36063,0.361
36065,0.358
36067,0.396
36069,0.322
36071,0.337
36073,0.266
36075,0.333
36077,0.303
36079,0.246
36081,0.244
36083,0.377
36085,0.333
36087,0.347
36089,0.326
36091,0.325
36093,0.405
36095,0.304
36097,0.235
36099,0.284
36101,0.32
36103,0.298
36105,0.34
36107,0.364
36109,0.3
36111,0.31
36113,0.316
36115,0.297
36117,0.338
36119,0.33
36121,0.292
36123,0.292
37001,0.402
37003,0.351
37005,0.402
37007,0.456
37009,0.332
37011,0.335
37013,0.409
37015,0.507
37017,0.422
37019,0.275
37021,0.331
37023,0.393
37025,0.389
37027,0.412
37029,0.361
37031,0.341
37033,0.447
37035,0.426
37037,0.317
37039,0.327
37041,0.483
37043,0.322
37045,0.445
37047,0.364
37049,0.344
37051,0.344
37053,0.328
37055,0.263
37057,0.416
37059,0.382
37061,0.436
37063,0.381
37065,0.426
37067,0.408
37069,0.366
37071,0.414
37073,0.403
37075,0.336
37077,0.401
37079,0.476
37081,0.399
37083,0.451
37085,0.452
37087,0.336
37089,0.296
37091,0.429
37093,0.309
37095,
37097,0.411
37099,0.262
37101,0.4
37103,0.345
37105,0.409
37107,0.434
37109,0.417
37111,0.362
37113,0.35
37115,0.332
37117,0.42
37119,0.402
37121,0.305
37123,0.374
37125,0.382
37127,0.406
37129,0.355
37131,0.431
37133,0.337
37135,0.357
37137,0.427
37139,0.376
37141,0.323
37143,0.489
37145,0.412
37147,0.427
37149,0.308
37151,0.367
37153,0.421
37155,0.394
37157,0.385
37159,0.397
37161,0.367
37163,0.404
37165,0.387
37167,0.391
37169,0.354
37171,0.373
37173,0.334
37175,0.293
37177,
37179,0.374
37181,0.423
37183,0.38
37185,0.463
37187,0.372
37189,0.238
37191,0.383
37193,0.405
37195,0.442
37197,0.379
37199,0.386
38001,
38003,0.251
38005,0.66
38007,
38009,0.104
38011,
38013,
38015,0.268
38017,0.287
38019,
38021,
38023,
38025,
38027,
38029,
38031,
38033,
38035,0.272
38037,
38039,
38041,
38043,
38045,
38047,
38049,0.185
38051,
38053,
38055,0.283
38057,0.175
38059,0.239
38061,0.422
38063,
38065,
38067,0.226
38069,
38071,0.356
38073,0.238
38075,
38077,0.267
38079,0.346
38081,
38083,
38085,
38087,
38089,0.163
38091,
38093,0.256
38095,
38097,0.316
38099,0.192
38101,0.273
38103,
38105,0.189
39001,0.424
39003,0.417
39005,0.313
39007,0.329
39009,0.3
39011,0.298
39013,0.366
39015,0.344
39017,0.406
39019,0.315
39021,0.334
39023,0.41
39025,0.369
39027,0.359
39029,0.366
39031,0.396
39033,0.403
39035,0.432
39037,0.338
39039,0.357
39041,0.363
39043,0.354
39045,0.37
39047,0.451
39049,0.427
39051,0.271
39053,0.408
39055,0.274
39057,0.368
39059,0.378
39061,0.468
39063,0.345
39065,0.315
39067,0.393
39069,0.34
39071,0.36
39073,0.372
39075,0.276
39077,0.324
39079,0.333
39081,0.425
39083,0.308
39085,0.33
39087,0.365
39089,0.34
39091,0.353
39093,0.363
39095,0.4
39097,0.391
39099,0.402
39101,0.429
39103,0.279
39105,0.278
39107,0.336
39109,0.374
39111,0.324
39113,0.416
39115,0.398
39117,0.371
39119,0.419
39121,0.356
39123,0.331
39125,0.376
39127,0.443
39129,0.419
39131,0.377
39133,0.286
39135,0.33
39137,0.325
39139,0.383
39141,0.426
39143,0.387
39145,0.401
39147,0.372
39149,0.413
39151,0.41
39153,0.41
39155,0.377
39157,0.35
39159,0.314
39161,0.434
39163,0.331
39165,0.322
39167,0.341
39169,0.346
39171,0.288
39173,0.32
39175,0.272
40001,0.328
40003,
40005,0.391
40007,0.331
40009,0.339
40011,0.395
40013,0.39
40015,0.455
40017,0.297
40019,0.377
40021,0.346
40023,0.318
40025,
40027,0.264
40029,
40031,0.343
40033,0.163
40035,0.259
40037,0.327
40039,0.384
40041,0.381
40043,0.215
40045,
40047,0.36
40049,0.318
40051,0.305
40053,
40055,
40057,
40059,
40061,0.213
40063,0.423
40065,0.3
40067,0.356
40069,0.273
40071,0.343
40073,0.38
40075,0.407
40077,0.323
40079,0.294
40081,0.297
40083,0.305
40085,0.332
40087,0.271
40089,0.304
40091,0.317
40093,0.207
40095,0.404
40097,0.327
40099,0.354
40101,0.37
40103,0.37
40105,0.329
40107,0.34
40109,0.365
40111,0.332
40113,0.3
40115,0.362
40117,0.203
40119,0.29
40121,0.352
40123,0.376
40125,0.353
40127,0.319
40129,
40131,0.272
40133,0.415
40135,0.349
40137,0.293
40139,0.278
40141,0.345
40143,0.367
40145,0.299
40147,0.359
40149,0.316
40151,0.309
40153,0.319
41001,0.3
41003,0.267
41005,0.265
41007,0.226
41009,0.257
41011,0.303
41013,0.25
41015,0.278
41017,0.256
41019,0.288
41021,
41023,0.166
41025,0.193
41027,0.23
41029,0.257
41031,0.44
41033,0.312
41035,0.343
41037,0.34
41039,0.299
41041,0.301
41043,0.321
41045,0.27
41047,0.29
41049,0.413
41051,0.278
41053,0.287
41055,
41057,0.228
41059,0.279
41061,0.223
41063,0.253
41065,0.249
41067,0.255
41069,
41071,0.267
42001,0.275
42003,0.389
42005,0.327
42007,0.361
42009,0.322
42011,0.378
42013,0.357
42015,0.285
42017,0.297
42019,0.295
42021,0.361
42023,0.255
42025,0.31
42027,0.284
42029,0.321
42031,0.32
42033,0.336
42035,0.309
42037,0.341
42039,0.339
42041,0.318
42043,0.405
42045,0.353
42047,0.305
42049,0.376
42051,0.384
42053,
42055,0.326
42057,0.41
42059,0.277
42061,0.302
42063,0.275
42065,0.29
42067,0.314
42069,0.341
42071,0.348
42073,0.387
42075,0.327
42077,0.382
42079,0.334
42081,0.359
42083,0.331
42085,0.415
42087,0.377
42089,0.272
42091,0.305
42093,0.412
42095,0.346
42097,0.307
42099,0.313
42101,0.403
42103,0.275
42105,0.28
42107,0.333
42109,0.354
42111,0.363
42113,
42115,0.221
42117,0.27
42119,0.268
42121,0.333
42123,0.315
42125,0.34
42127,0.24
42129,0.338
42131,0.326
42133,0.363
44001,0.312
44003,0.3
44005,0.34
44007,0.359
44009,0.288
45001,0.459
45003,0.378
45005,0.416
45007,0.378
45009,0.441
45011,0.396
45013,0.335
45015,0.306
45017,0.357
45019,0.35
45021,0.388
45023,0.356
45025,0.428
45027,0.47
45029,0.352
45031,0.432
45033,0.375
45035,0.341
45037,0.376
45039,0.37
45041,0.397
45043,0.406
45045,0.373
45047,0.402
45049,0.342
45051,0.352
45053,0.372
45055,0.347
45057,0.416
45059,0.401
45061,0.398
45063,0.372
45065,0.366
45067,0.403
45069,0.359
45071,0.409
45073,0.357
45075,0.392
45077,0.379
45079,0.399
45081,0.406
45083,0.405
45085,0.39
45087,0.412
45089,0.463
45091,0.401
46003,
46005,0.29
46007,
46009,0.285
46011,0.22
46013,0.246
46015,0.291
46017,
46019,0.236
46021,
46023,0.396
46025,
46027,0.222
46029,0.301
46031,
46033,0.404
46035,0.286
46037,0.233
46039,
46041,0.273
46043,
46045,
46047,0.309
46049,
46051,0.313
46053,0.31
46055,
46057,0.227
46059,
46061,
46063,
46065,0.427
46067,0.124
46069,
46071,
46073,
46075,
46077,0.221
46079,0.329
46081,0.244
46083,0.276
46085,
46087,0.239
46089,
46091,
46093,0.216
46095,
46097,
46099,0.289
46101,0.257
46103,0.354
46105,
46107,
46109,0.425
46111,
46113,0.174
46115,0.185
46117,
46119,
46121,0.281
46123,0.266
46125,0.211
46127,0.202
46129,0.465
46135,0.259
46137,
47001,0.36
47003,0.367
47005,0.388
47007,0.35
47009,0.37
47011,0.32
47013,0.349
47015,0.321
47017,0.37
47019,0.371
47021,0.327
47023,0.335
47025,0.366
47027,
47029,0.389
47031,0.388
47033,0.361
47035,0.341
47037,0.378
47039,0.405
47041,0.347
47043,0.349
47045,0.396
47047,0.432
47049,0.374
47051,0.354
47053,0.391
47055,0.286
47057,0.42
47059,0.312
47061,0.432
47063,0.343
47065,0.376
47067,
47069,0.371
47071,0.407
47073,0.344
47075,0.455
47077,0.355
47079,0.351
47081,0.326
47083,0.341
47085,0.381
47087,0.319
47089,0.348
47091,0.35
47093,0.387
47095,
47097,0.515
47099,0.362
47101,0.308
47103,0.364
47105,0.324
47107,0.357
47109,0.406
47111,0.4
47113,0.419
47115,0.318
47117,0.302
47119,0.323
47121,0.387
47123,0.379
47125,0.324
47127,
47129,0.375
47131,0.429
47133,0.331
47135,0.335
47137,
47139,0.36
47141,0.308
47143,0.335
47145,0.367
47147,0.309
47149,0.314
47151,0.347
47153,0.331
47155,0.346
47157,0.42
47159,0.388
47161,0.29
47163,0.392
47165,0.321
47167,0.41
47169,0.426
47171,0.444
47173,0.32
47175,
47177,0.346
47179,0.38
47181,0.238
47183,0.353
47185,0.413
47187,0.308
47189,0.329
48001,0.374
48003,0.207
48005,0.353
48007,0.248
48009,0.358
48011,
48013,0.315
48015,0.352
48017,0.294
48019,0.226
48021,0.302
48023,
48025,0.311
48027,0.351
48029,0.319
48031,0.195
48033,
48035,0.369
48037,0.396
48039,0.3
48041,0.342
48043,0.281
48045,
48047,0.357
48049,0.341
48051,0.402
48053,0.324
48055,0.334
48057,0.312
48059,0.25
48061,0.227
48063,0.374
48065,0.189
48067,0.352
48069,0.435
48071,0.322
48073,0.377
48075,0.394
48077,0.251
48079,
48081,
48083,0.37
48085,0.291
48087,
48089,0.384
48091,0.302
48093,0.251
48095,
48097,0.366
48099,0.275
48101,
48103,
48105,
48107,0.37
48109,
48111,0.261
48113,0.352
48115,0.444
48117,0.38
48119,
48121,0.271
48123,0.408
48125,
48127,0.246
48129,
48131,0.25
48133,0.301
48135,0.265
48137,
48139,0.331
48141,0.212
48143,0.264
48145,0.349
48147,0.31
48149,0.358
48151,
48153,0.454
48155,
48157,0.317
48159,0.455
48161,0.367
48163,0.26
48165,0.296
48167,0.329
48169,
48171,0.271
48173,
48175,0.421
48177,0.373
48179,0.306
48181,0.343
48183,0.348
48185,0.373
48187,0.341
48189,0.345
48191,
48193,0.488
48195,0.37
48197,
48199,0.29
48201,0.326
48203,0.377
48205,
48207,0.141
48209,0.305
48211,
48213,0.343
48215,0.23
48217,0.379
48219,0.364
48221,0.28
48223,0.291
48225,0.405
48227,0.323
48229,
48231,0.344
48233,0.285
48235,
48237,0.344
48239,0.306
48241,0.342
48243,
48245,0.361
48247,
48249,0.281
48251,0.267
48253,0.306
48255,0.401
48257,0.334
48259,0.247
48261,
48263,
48265,0.323
48267,
48269,
48271,
48273,0.273
48275,
48277,0.407
48279,0.4
48281,0.272
48283,0.27
48285,0.38
48287,0.407
48289,0.308
48291,0.289
48293,0.397
48295,
48297,0.133
48299,0.329
48301,
48303,0.391
48305,0.426
48307,0.274
48309,0.408
48311,
48313,0.388
48315,0.157
48317,
48319,
48321,0.286
48323,0.249
48325,0.349
48327,
48329,0.309
48331,0.396
48333,
48335,0.307
48337,0.291
48339,0.301
48341,0.369
48343,0.351
48345,
48347,0.387
48349,0.452
48351,0.338
48353,0.321
48355,0.313
48357,0.188
48359,
48361,0.326
48363,0.383
48365,0.388
48367,0.253
48369,0.354
48371,0.205
48373,0.336
48375,0.33
48377,0.069
48379,0.234
48381,0.282
48383,
48385,
48387,0.457
48389,0.148
48391,0.29
48393,
48395,0.346
48397,0.294
48399,0.382
48401,0.365
48403,0.293
48405,0.449
48407,0.26
48409,0.295
48411,
48413,
48415,0.281
48417,
48419,0.412
48421,
48423,0.36
48425,0.233
48427,0.252
48429,0.321
48431,
48433,
48435,
48437,0.317
48439,0.337
48441,0.344
48443,
48445,0.391
48447,
48449,0.349
48451,0.332
48453,0.339
48455,0.382
48457,0.279
48459,0.367
48461,
48463,0.368
48465,0.21
48467,0.317
48469,0.361
48471,0.393
48473,0.378
48475,0.221
48477,0.462
48479,0.222
48481,0.4
48483,
48485,0.334
48487,0.404
48489,0.229
48491,0.28
48493,0.387
48495,0.31
48497,0.261
48499,0.303
48501,0.272
48503,0.413
48505,0.369
48507,0.331
49001,0.252
49003,0.239
49005,0.186
49007,0.238
49009,
49011,0.245
49013,0.212
49015,0.308
49017,0.187
49019,0.339
49021,0.272
49023,0.192
49025,0.338
49027,0.211
49029,0.185
49031,
49033,
49035,0.267
49037,0.252
49039,0.239
49041,0.282
49043,0.121
49045,0.221
49047,0.262
49049,0.185
49051,0.163
49053,0.226
49055,
49057,0.299
50001,0.278
50003,0.303
50005,0.267
50007,0.328
50009,0.34
50011,0.315
50013,
50015,0.27
50017,0.275
50019,0.309
50021,0.31
50023,0.228
50025,0.206
50027,0.271
51001,0.407
51003,0.323
51005,
51007,0.301
51009,0.348
51011,0.49
51013,0.214
51015,0.339
51017,
51019,0.366
51021,0.198
51023,0.272
51025,0.43
51027,0.283
51029,0.458
51031,0.377
51033,0.305
51035,0.433
51036,
51037,0.373
51041,0.342
51043,0.28
51045,
51047,0.357
51049,
51051,0.293
51053,0.424
51057,0.298
51059,0.245
51061,0.34
51063,0.332
51065,0.36
51067,0.323
51069,0.334
51071,0.372
51073,0.326
51075,0.355
51077,0.34
51079,0.374
51081,
51083,0.454
51085,0.322
51087,0.348
51089,0.465
51091,
51093,0.424
51095,0.385
51097,
51099,0.379
51101,0.384
51103,0.373
51105,0.433
51107,0.27
51109,0.33
51111,0.538
51113,0.384
51115,0.304
51117,0.441
51119,0.233
51121,0.374
51125,0.344
51127,0.256
51131,0.436
51133,0.396
51135,0.443
51137,0.342
51139,0.313
51141,0.382
51143,0.391
51145,0.261
51147,0.416
51149,0.355
51153,0.338
51155,0.448
51157,0.204
51159,0.502
51161,0.341
51163,0.26
51165,0.287
51167,0.32
51169,0.384
51171,0.309
51173,0.37
51175,0.435
51177,0.329
51179,0.312
51181,0.354
51183,0.442
51185,0.355
51187,0.285
51191,0.338
51193,0.341
51195,0.314
51197,0.325
51199,0.363
51510,0.263
51515,0.358
51520,0.373
51530,0.439
51540,0.394
51550,0.376
51560,
51570,0.326
51580,0.43
51590,0.44
51595,0.55
51600,0.185
51610,0.236
51620,0.4
51630,0.292
51640,0.443
51650,0.375
51660,0.36
51670,0.384
51678,0.373
51680,0.42
51683,0.303
51685,0.315
51690,0.405
51700,0.41
51710,0.385
51720,
51730,0.366
51735,0.253
51740,0.37
51750,0.36
51760,0.347
51770,0.407
51775,0.331
51790,0.35
51800,0.416
51810,0.334
51820,0.37
51830,
51840,0.403
53001,0.329
53003,0.389
53005,0.275
53007,0.242
53009,0.311
53011,0.274
53013,
53015,0.325
53017,0.323
53019,0.309
53021,0.311
53023,
53025,0.308
53027,0.371
53029,0.225
53031,0.215
53033,0.273
53035,0.275
53037,0.278
53039,0.395
53041,0.296
53043,0.301
53045,0.246
53047,0.299
53049,0.345
53051,0.342
53053,0.285
53055,0.255
53057,0.26
53059,0.346
53061,0.248
53063,0.312
53065,0.289
53067,0.271
53069,
53071,0.278
53073,0.276
53075,0.265
53077,0.304
54001,0.363
54003,0.356
54005,0.337
54007,0.339
54009,0.333
54011,0.391
54013,0.311
54015,0.27
54017,
54019,0.358
54021,
54023,0.452
54025,0.358
54027,0.371
54029,0.423
54031,0.371
54033,0.396
54035,0.406
54037,0.356
54039,0.348
54041,0.33
54043,0.398
54045,0.302
54047,0.268
54049,0.345
54051,0.285
54053,0.345
54055,0.354
54057,0.377
54059,0.383
54061,0.338
54063,0.348
54065,0.303
54067,0.374
54069,0.38
54071,0.398
54073,0.25
54075,0.201
54077,0.356
54079,0.277
54081,0.315
54083,0.372
54085,0.474
54087,0.352
54089,0.433
54091,0.438
54093,
54095,0.176
54097,0.303
54099,0.386
54101,0.38
54103,0.367
54105,0.344
54107,0.387
54109,0.248
55001,0.401
55003,0.375
55005,0.312
55007,0.225
55009,0.328
55011,0.211
55013,0.261
55015,0.267
55017,0.289
55019,0.259
55021,0.254
55023,0.303
55025,0.343
55027,0.259
55029,0.197
55031,0.388
55033,0.292
55035,0.307
55037,
55039,0.337
55041,0.335
55043,0.274
55045,0.295
55047,0.253
55049,0.186
55051,
55053,0.254
55055,0.299
55057,0.212
55059,0.388
55061,0.315
55063,0.339
55065,0.268
55067,0.294
55069,0.299
55071,0.308
55073,0.255
55075,0.346
55077,0.381
55078,
55079,0.434
55081,0.31
55083,0.314
55085,0.315
55087,0.297
55089,0.257
55091,0.182
55093,0.205
55095,0.267
55097,0.28
55099,0.295
55101,0.383
55103,0.298
55105,0.338
55107,0.39
55109,0.243
55111,0.346
55113,0.328
55115,0.282
55117,0.318
55119,0.271
55121,0.263
55123,0.284
55125,0.285
55127,0.265
55129,0.256
55131,0.282
55133,0.295
55135,0.227
55137,0.288
55139,0.334
55141,0.293
56001,0.225
56003,0.152
56005,0.225
56007,0.252
56009,0.288
56011,0.166
56013,0.338
56015,0.305
56017,
56019,0.198
56021,0.285
56023,0.19
56025,0.293
56027,
56029,0.219
56031,0.198
56033,0.227
56035,
56037,0.204
56039,0.145
56041,0.316
56043,0.342
56045,0.289